loop_epoch,test_ratio,llm_ratio,human_MAP5,llm_MAP5,llm_minus_human_MAP5,human_target_MAP5,llm_target_MAP5,llm_target_minus_human_target_MAP5,human_nDCG5,llm_nDCG5,llm_minus_human_nDCG5
1.0,0.0,0.26666666666666666,67.44444444444446,64.11111111111111,-3.333333333333343,48.33333333333333,35.66666666666667,-12.666666666666657,75.60832253062509,72.93827992398424,-2.6700426066408482
2.0,0.4666666666666667,0.8666666666666667,46.111111111111114,42.77777777777778,-3.3333333333333357,12.222222222222221,26.222222222222225,14.000000000000004,59.04815642642897,56.639135652117055,-2.4090207743119123
